{
  "title": "Drag Ruler (Traumi's Patch)",
  "description": "When dragging a token displays a ruler showing how far you've moved that token.",
  "version": "1.12.9",
  "authors": [
    {
      "name": "Manuel Vögele",
      "email": "develop@manuel-voegele.de",
      "discord": "Stäbchenfisch#5107",
      "flags": {}
    },
    {
      "name": "Traumination",
      "discord": "Traumination#9999",
      "flags": {}
    }
  ],
  "esmodules": [
    "js/libwrapper_shim.js",
    "js/main.js",
    "js/socket.js"
  ],
  "languages": [
    {
      "lang": "de",
      "name": "Deutsch",
      "path": "lang/de.json",
      "flags": {}
    },
    {
      "lang": "en",
      "name": "English",
      "path": "lang/en.json",
      "flags": {}
    },
    {
      "lang": "es",
      "name": "Español",
      "path": "lang/es.json",
      "flags": {}
    },
    {
      "lang": "fr",
      "name": "Français",
      "path": "lang/fr.json",
      "flags": {}
    },
    {
      "lang": "ja",
      "name": "日本語",
      "path": "lang/ja.json",
      "flags": {}
    },
    {
      "lang": "ko",
      "name": "한국어",
      "path": "lang/ko.json",
      "flags": {}
    },
    {
      "lang": "zh-tw",
      "name": "正體中文",
      "path": "lang/zh-tw.json",
      "flags": {}
    }
  ],
  "socket": true,
  "url": "https://github.com/Traumi/foundryvtt-drag-ruler",
  "download": "https://github.com/Traumi/foundryvtt-drag-ruler/releases/download/v1.12.10/drag-ruler-1.12.10.zip",
  "manifest": "https://raw.githubusercontent.com/Traumi/foundryvtt-drag-ruler/master/module.json",
  "readme": "https://github.com/Traumi/foundryvtt-drag-ruler/blob/master/README.md",
  "changelog": "https://github.com/manuelVo/foundryvtt-drag-ruler/blob/master/CHANGELOG.md",
  "bugs": "https://github.com/manuelVo/foundryvtt-drag-ruler/issues",
  "id": "drag-ruler",
  "relationships": {
    "requires": [
      {
        "id": "socketlib",
        "type": "module",
        "manifest": "https://raw.githubusercontent.com/manuelVo/foundryvtt-socketlib/master/module.json",
        "compatibility": {}
      }
    ]
  },
  "compatibility": {
    "minimum": "10",
    "verified": "10.286"
  }
}